curve_index,y,x,diameter_px,ref_diameter_px,percent_stenosis
74,85,95,2.0,6.0,66.66666672222222
217,155,236,2.0,8.024621125123534,75.0767049768112
250,159,240,2.0,8.246211251235321,75.74643752577848
