curve_index,y,x,diameter_px,ref_diameter_px,percent_stenosis
42,44,195,2.0,7.211102550927978,72.26499022720007
85,62,178,2.0,8.48528137423857,76.42977398822619
228,201,152,2.0,8.0,75.00000003125
