curve_index,y,x,diameter_px,ref_diameter_px,percent_stenosis
27,117,178,2.0,10.3697262033106,80.71308770493096
33,115,181,2.0,10.138627319029899,80.27346370377569
53,114,190,2.0,9.473863375370602,78.88928815367584
